<?xml version="1.0" encoding="UTF-8" standalone="yes"?>
<manifest>
  <control namespace="PCFGridSearch" constructor="PCFGridSearch" version="0.0.1" display-name-key="PCFGridSearch" description-key="PCFGridSearch description" control-type="standard" api-version="1.2.3">
    <data-set name="listviewDataSet" display-name-key="listviewDataSet"/>
    <property name="searchableColumnLogicalNameList" display-name-key="searchableColumnLogicalNameList" description-key="column logicalnames saparated with comma" of-type="Multiple" usage="input"/>
    <resources>
      <code path="bundle.js" order="1"/>
    </resources>
    <built-by name="pac" version="1.4.4"/>
  </control>
</manifest>